,TSC22D1,MAML2,CEBPE,DUSP9,ELMSAN1,FOXA1,BCORL1,MEIS1,GLB1L2,KLF1,BAK1,FEV,CBL,ETS2,SET,TBX3,LHX1,SLC4A1,RREB1,ZNF318,COL2A1,ZBTB25,MAP4K5,UBASH3B,SLC6A9,MIDN,DLX2,CBFA2T3,HES7,AHR,FOXO4,RHOXF2BB,RUNX1T1,S1PR2,POU3F2,CNN1,CELF2,MAP2K3,MAP4K3,CDKN1A,PTPN1,TBX2,IER5L,PTPN12,TP73,MAP7D1,FOSB,MAPK1,C19orf26,IRF1,IKZF3,HOXB9,HOXC13,CKS1B,CLDN6,FOXA3,SAMD1,COL1A1,FOXF1,ZBTB1,PRTG,PLK4,BPGM,ARRDC3,C3orf72,LYL1,MAP2K6,SGK1,FOXL2,KIAA1804,CEBPA,HNF4A,KMT2A,IGDCC3,ISL2,TMSB4X,KIF2C,CSRNP1,ARID1A,CNNM4,UBASH3A,NCL,BCL2L11,ZC3HAV1,OSR2,SPI1,STIL,CEBPB,ATL1,NIT1,CDKN1B,TGFBR2,JUN,ZBTB10,PTPN13,SLC38A2,PTPN9,SNAI1,HOXA13,CITED1,PRDM1,HK2,KIF18B,EGR1,CDKN1C
TSC22D1,142,90,108,86,96,25,39,69,13,112,105,97,31,94,105,41,27,75,19,52,67,43,7,64,66,27,77,36,42,21,69,38,80,25,13,51,51,93,12,77,87,39,36,23,117,85,68,59,76,47,91,20,71,55,88,26,49,85,17,54,56,0,51,20,23,24,102,66,35,12,133,64,26,75,68,39,68,92,87,24,32,14,78,95,99,110,2,90,90,83,60,82,33,40,12,79,38,49,72,10,67,7,8,12,48
MAML2,90,632,435,234,484,55,105,147,21,565,530,262,72,238,321,102,55,239,37,166,239,117,21,162,150,145,155,72,144,78,149,125,196,68,31,153,91,508,19,171,204,92,102,50,459,380,171,160,190,157,427,95,252,113,218,86,90,226,31,116,148,0,109,35,72,52,511,153,111,18,565,193,37,148,138,81,147,431,228,52,61,28,242,381,264,454,5,322,210,220,136,313,91,146,22,273,77,87,326,48,202,20,14,23,121
CEBPE,108,435,1393,436,590,123,125,192,45,884,569,503,154,414,568,173,105,505,63,191,463,208,25,260,211,173,254,126,245,127,183,225,197,158,53,292,124,595,22,250,282,200,128,125,623,405,281,367,278,280,610,139,292,158,362,113,144,403,68,232,288,0,182,43,95,71,644,187,162,20,1235,250,43,254,166,89,144,406,269,75,84,43,224,435,464,823,6,647,276,312,206,309,116,191,43,258,119,157,387,64,300,28,16,31,178
DUSP9,86,234,436,713,311,90,88,129,30,453,288,315,124,307,365,117,91,318,52,112,309,155,23,197,163,107,180,112,158,82,127,150,142,106,53,211,104,308,17,156,197,157,100,108,342,217,198,276,200,197,359,105,184,114,288,80,110,253,53,184,204,0,145,39,81,56,326,162,121,16,561,165,30,182,118,62,101,232,175,57,58,25,133,230,308,375,9,314,226,197,129,168,83,131,31,154,95,131,201,49,214,25,13,22,108
ELMSAN1,96,484,590,311,908,84,117,151,27,758,622,340,100,301,416,126,70,333,46,180,347,146,19,179,168,172,196,92,180,99,172,161,201,108,42,178,93,698,16,211,243,148,127,74,548,461,192,220,211,199,539,119,314,122,288,100,114,286,36,161,194,0,134,37,86,51,711,176,131,17,790,225,38,193,151,85,133,482,243,65,60,36,247,419,335,592,9,416,247,253,170,313,97,170,35,275,96,109,396,54,270,21,12,30,151
FOXA1,25,55,123,90,84,184,29,31,16,112,68,104,51,91,109,48,35,111,15,34,104,56,13,64,42,37,63,35,55,43,31,49,36,56,21,74,36,74,5,44,62,72,45,51,80,51,64,103,55,75,106,38,54,22,76,82,35,72,39,63,71,0,51,18,41,22,87,48,53,9,148,46,1,63,31,20,28,59,40,22,28,12,26,58,94,97,2,95,61,50,38,35,32,48,18,30,36,48,56,19,68,12,4,12,32
BCORL1,39,105,125,88,117,29,161,64,5,128,124,101,34,103,120,44,26,79,20,48,83,45,8,65,50,33,79,30,43,34,59,53,74,28,10,65,31,126,4,84,86,44,50,26,102,105,69,65,87,51,106,29,96,52,96,42,45,85,27,61,67,0,46,9,26,15,133,74,47,6,139,78,19,69,74,27,50,100,79,18,15,12,77,92,111,124,4,102,82,76,72,82,33,36,11,91,37,42,92,17,68,11,0,9,65
MEIS1,69,147,192,129,151,31,64,224,13,181,167,172,45,148,173,57,48,104,26,69,110,61,8,100,82,29,135,53,53,34,123,42,113,36,20,69,47,152,13,114,149,53,47,31,168,141,110,72,141,71,136,27,100,86,129,44,73,143,20,72,91,0,70,14,22,27,170,105,46,11,200,116,36,113,120,34,83,125,141,25,27,16,111,134,163,180,2,159,141,126,97,122,50,44,17,127,56,52,101,20,77,12,9,8,82
GLB1L2,13,21,45,30,27,16,5,13,63,40,23,34,20,32,42,20,10,32,9,20,35,28,6,33,25,15,22,15,18,14,13,18,18,19,7,26,11,25,8,25,21,25,12,18,41,21,22,32,22,32,40,13,22,8,31,14,17,18,9,23,29,0,25,12,11,20,26,17,22,4,55,21,4,30,11,11,17,22,19,9,22,8,15,26,31,41,1,30,21,25,23,19,13,16,5,15,23,12,27,6,31,6,5,3,21
KLF1,112,565,884,453,758,112,128,181,40,1598,722,494,132,432,595,162,112,530,66,202,522,190,23,238,227,202,252,135,237,140,198,244,214,146,48,273,137,797,23,256,309,209,147,97,734,524,254,358,248,293,717,157,364,150,385,126,158,391,61,228,280,0,171,42,107,68,875,204,183,22,1303,280,41,244,174,92,157,517,303,78,76,44,248,492,464,886,8,542,296,330,197,346,133,223,41,296,108,164,462,67,351,27,17,28,181
BAK1,105,530,569,288,622,68,124,167,23,722,879,325,79,290,406,124,67,322,49,172,326,142,18,181,169,161,186,79,184,86,160,165,211,91,30,173,97,639,20,201,237,116,117,61,567,486,188,203,201,187,548,105,298,123,267,92,119,273,47,139,172,0,130,34,78,56,698,166,121,21,778,229,39,167,156,90,152,501,253,70,71,33,258,429,320,584,8,403,237,249,163,348,102,164,30,299,81,105,381,60,244,23,15,25,139
FEV,97,262,503,315,340,104,101,172,34,494,325,779,105,300,379,123,109,325,48,123,325,127,17,175,173,100,226,117,138,93,164,141,148,101,50,180,99,352,13,218,244,144,97,78,368,252,200,242,205,191,364,95,209,131,273,100,115,278,49,168,209,0,134,26,68,43,370,161,121,22,618,216,37,206,141,44,109,234,219,50,47,24,142,240,324,437,6,318,232,231,181,176,86,137,37,183,100,130,221,44,195,14,11,27,153
CBL,31,72,154,124,100,51,34,45,20,132,79,105,189,121,127,63,38,110,35,60,114,109,19,132,60,48,74,48,83,48,46,56,44,55,26,133,40,95,10,70,105,86,47,79,105,66,84,132,81,88,107,58,79,36,120,42,45,100,29,83,99,0,85,22,41,43,100,69,57,6,164,52,5,88,42,30,40,74,57,28,41,14,42,74,141,120,3,136,87,61,58,56,37,61,24,50,51,53,74,19,83,18,7,18,44
ETS2,94,238,414,307,301,91,103,148,32,432,290,300,121,635,356,123,86,288,58,120,267,141,21,183,155,88,198,100,136,91,150,132,160,104,36,196,104,296,13,205,228,153,102,81,344,227,204,394,192,190,345,95,200,115,306,95,119,249,52,171,227,0,143,33,66,59,326,172,115,13,516,193,38,219,151,60,106,220,183,56,59,32,145,239,328,365,6,292,241,220,173,173,92,121,29,173,93,117,226,42,196,22,11,26,155
SET,105,321,568,365,416,109,120,173,42,595,406,379,127,356,1009,142,88,409,54,141,384,172,19,220,200,120,226,118,180,107,160,187,168,111,48,238,92,440,16,241,261,202,116,109,430,327,229,291,220,245,447,110,247,143,325,110,131,324,52,189,256,0,162,39,81,63,482,176,138,25,778,224,40,238,149,82,119,306,224,64,63,32,174,297,415,505,7,370,252,268,189,231,101,156,39,212,108,135,274,54,232,29,15,29,167
TBX3,41,102,173,117,126,48,44,57,20,162,124,123,63,123,142,234,39,142,34,51,118,84,18,99,64,53,99,55,78,55,61,69,66,42,19,97,49,121,12,77,80,95,44,45,132,88,89,110,81,79,136,59,78,49,110,50,49,102,29,82,91,0,81,25,31,35,135,74,50,9,201,66,17,96,58,34,50,109,76,36,41,16,68,113,120,134,4,142,94,87,67,82,43,62,13,70,51,53,87,25,99,13,6,20,57
LHX1,27,55,105,91,70,35,26,48,10,112,67,109,38,86,88,39,153,76,22,29,83,58,9,58,40,31,62,44,35,38,42,45,31,35,15,66,32,72,6,36,69,56,33,35,80,49,57,79,55,56,86,39,51,34,76,34,29,70,28,62,67,0,46,10,26,20,79,47,45,7,124,40,11,58,45,15,30,52,46,15,16,8,29,59,81,91,4,82,63,47,35,39,23,41,11,36,35,45,54,13,52,10,5,10,27
SLC4A1,75,239,505,318,333,111,79,104,32,530,322,325,110,288,409,142,76,871,52,122,334,136,21,167,174,104,170,90,159,100,111,158,125,111,43,187,100,338,13,164,194,167,96,79,372,234,184,257,155,201,383,106,190,104,245,85,102,252,49,179,216,0,122,35,74,44,381,124,123,18,670,163,25,181,100,74,94,242,177,57,64,33,115,276,309,422,7,312,194,223,134,176,87,137,29,143,75,127,227,50,219,20,15,28,117
RREB1,19,37,63,52,46,15,20,26,9,66,49,48,35,58,54,34,22,52,93,26,53,36,10,43,29,19,33,24,27,21,23,20,25,29,8,48,22,42,6,32,42,41,17,25,54,31,39,51,36,41,50,23,33,21,53,16,28,39,15,34,34,0,30,8,17,14,52,28,26,3,72,33,9,31,20,14,23,36,33,11,17,8,24,33,58,59,1,50,42,29,31,25,17,26,9,28,24,30,35,8,38,10,5,12,22
ZNF318,52,166,191,112,180,34,48,69,20,202,172,123,60,120,141,51,29,122,26,248,113,77,21,91,85,80,76,30,76,41,71,49,87,46,17,93,52,170,12,72,96,62,46,34,179,125,81,102,91,83,174,63,112,43,109,42,49,107,21,60,85,0,64,20,48,51,172,78,61,11,224,79,17,85,63,45,74,167,94,27,51,18,111,168,127,184,2,154,107,95,68,151,50,75,20,111,44,44,148,25,122,14,7,12,48
COL2A1,67,239,463,309,347,104,83,110,35,522,326,325,114,267,384,118,83,334,53,113,805,136,17,159,150,116,157,90,173,100,111,155,114,104,48,198,91,347,16,165,197,155,112,94,353,265,178,256,171,205,368,94,185,94,262,92,96,340,59,159,203,0,125,36,78,51,388,124,112,19,630,156,20,164,94,62,95,232,168,63,60,30,114,232,319,417,8,301,188,192,118,153,82,136,30,150,80,127,223,46,218,27,12,31,101
ZBTB25,43,117,208,155,146,56,45,61,28,190,142,127,109,141,172,84,58,136,36,77,136,274,21,165,82,82,96,57,109,55,59,73,57,64,30,159,47,141,14,78,112,96,46,84,159,94,102,130,93,104,163,75,95,51,119,46,49,130,37,98,112,0,103,36,45,51,152,72,61,9,246,70,15,103,53,35,61,125,69,35,51,20,66,113,160,188,4,174,101,99,75,97,37,92,19,70,74,70,111,23,101,24,6,15,62
MAP4K5,7,21,25,23,19,13,8,8,6,23,18,17,19,21,19,18,9,21,10,21,17,21,31,21,11,11,11,8,13,13,7,9,10,14,7,25,9,18,6,8,11,17,6,12,23,13,12,21,20,16,20,11,12,1,18,7,5,11,8,16,17,0,15,9,5,14,20,13,9,3,30,7,1,13,6,9,15,19,9,5,14,4,14,16,16,24,1,24,18,8,11,22,7,11,3,9,10,6,14,1,15,7,3,5,6
UBASH3B,64,162,260,197,179,64,65,100,33,238,181,175,132,183,220,99,58,167,43,91,159,165,21,339,106,82,144,74,110,70,102,86,100,73,30,187,58,179,18,128,164,106,53,94,211,142,129,149,132,123,186,72,131,89,163,61,75,181,32,113,145,0,122,33,54,55,188,117,84,11,289,115,27,140,95,38,86,160,115,38,58,24,105,153,222,226,3,221,142,141,119,138,58,86,24,109,110,78,142,30,109,24,11,19,93
SLC6A9,66,150,211,163,168,42,50,82,25,227,169,173,60,155,200,64,40,174,29,85,150,82,11,106,343,70,101,48,85,49,87,82,87,58,24,112,62,165,11,115,119,86,60,48,190,126,110,129,93,110,192,54,116,66,133,50,73,134,26,92,113,0,76,21,57,34,174,96,76,10,275,97,17,104,75,36,63,138,106,34,40,19,87,147,167,192,5,140,132,146,89,115,61,95,21,101,61,74,127,21,129,14,9,19,79
MIDN,27,145,173,107,172,37,33,29,15,202,161,100,48,88,120,53,31,104,19,80,116,82,11,82,70,254,57,39,114,52,39,68,67,49,19,101,45,159,11,49,70,55,52,48,178,113,67,101,61,94,178,94,117,23,89,46,30,81,30,61,73,0,66,17,61,33,163,54,71,8,218,59,4,54,38,37,57,161,76,34,37,16,87,149,106,164,1,149,79,81,39,123,45,121,15,93,36,49,152,38,111,17,4,16,37
DLX2,77,155,254,180,196,63,79,135,22,252,186,226,74,198,226,99,62,170,33,76,157,96,11,144,101,57,336,85,93,63,136,82,114,58,30,121,69,202,11,146,181,95,74,54,202,170,142,140,150,103,190,56,139,101,187,68,80,181,45,108,149,0,102,25,47,32,204,130,91,16,276,148,34,159,128,34,85,154,143,36,38,24,114,156,217,224,2,199,168,145,126,124,60,78,21,137,81,89,130,28,107,11,8,16,101
CBFA2T3,36,72,126,112,92,35,30,53,15,135,79,117,48,100,118,55,44,90,24,30,90,57,8,74,48,39,85,174,39,41,53,62,65,42,18,76,44,90,6,57,73,69,45,37,109,70,78,94,65,67,99,53,72,41,119,38,45,73,28,73,76,0,66,17,35,25,90,64,53,8,143,62,9,73,58,19,39,76,62,27,26,12,39,77,111,109,3,102,91,69,54,51,31,50,17,55,44,57,71,21,88,10,5,13,40
HES7,42,144,245,158,180,55,43,53,18,237,184,138,83,136,180,78,35,159,27,76,173,109,13,110,85,114,93,39,357,54,55,85,76,76,25,129,55,167,14,84,104,82,64,74,206,124,90,139,93,122,226,83,117,40,118,46,54,134,39,84,114,0,98,23,58,43,185,65,78,10,314,87,12,88,55,52,61,156,100,43,48,23,87,141,154,225,1,203,91,112,73,119,42,119,19,92,54,64,155,43,116,20,8,21,53
AHR,21,78,127,82,99,43,34,34,14,140,86,93,48,91,107,55,38,100,21,41,100,55,13,70,49,52,63,41,54,180,37,58,42,40,27,75,33,97,9,45,66,60,46,44,99,63,64,93,63,70,110,53,74,29,76,38,27,70,22,69,73,0,60,14,41,23,97,64,55,4,150,45,3,63,31,18,29,79,55,22,21,9,39,76,96,109,2,94,71,59,44,58,40,60,13,51,39,40,83,23,88,9,5,17,37
FOXO4,69,149,183,127,172,31,59,123,13,198,160,164,46,150,160,61,42,111,23,71,111,59,7,102,87,39,136,53,55,37,222,50,108,34,18,73,55,161,8,117,161,52,48,26,167,146,114,68,129,58,135,29,117,92,149,54,75,149,21,75,93,0,68,18,32,26,171,117,53,12,192,124,35,123,118,36,76,130,142,24,23,22,113,144,179,179,3,142,160,131,99,119,54,52,20,140,52,56,108,18,82,9,7,7,76
RHOXF2BB,38,125,225,150,161,49,53,42,18,244,165,141,56,132,187,69,45,158,20,49,155,73,9,86,82,68,82,62,85,58,50,356,65,51,21,104,52,175,7,82,92,86,57,45,171,126,85,129,64,107,172,58,130,48,144,44,55,111,34,79,120,0,62,25,31,24,175,59,57,6,269,76,9,94,50,33,48,109,79,42,42,16,63,120,149,178,5,139,96,96,68,76,41,81,15,73,42,61,141,26,115,12,5,19,63
RUNX1T1,80,196,197,142,201,36,74,113,18,214,211,148,44,160,168,66,31,125,25,87,114,57,10,100,87,67,114,65,76,42,108,65,251,45,16,84,73,199,11,109,128,63,68,28,205,180,118,95,132,77,194,43,141,68,151,55,74,125,25,79,108,0,77,21,44,38,201,111,65,14,224,118,29,110,117,57,111,197,143,43,49,18,156,182,163,187,3,170,148,131,96,164,58,72,15,158,50,56,152,27,125,14,10,14,80
S1PR2,25,68,158,106,108,56,28,36,19,146,91,101,55,104,111,42,35,111,29,46,104,64,14,73,58,49,58,42,76,40,34,51,45,229,17,85,39,88,8,51,61,79,35,48,108,64,76,116,50,84,121,56,67,25,98,33,43,83,24,61,76,0,59,16,34,34,104,49,46,4,187,55,5,61,31,26,32,81,52,25,30,13,42,74,99,126,3,127,61,55,49,52,32,59,25,42,38,46,84,22,76,14,5,11,45
POU3F2,13,31,53,53,42,21,10,20,7,48,30,50,26,36,48,19,15,43,8,17,48,30,7,30,24,19,30,18,25,27,18,21,16,17,74,36,20,37,5,20,31,22,22,17,44,24,32,31,28,45,46,20,25,12,39,16,17,36,8,31,22,0,20,10,15,14,36,23,18,4,58,19,4,23,16,7,21,27,26,14,11,2,15,29,41,45,3,42,39,25,20,19,20,20,7,13,18,18,23,9,36,3,6,8,13
CNN1,51,153,292,211,178,74,65,69,26,273,173,180,133,196,238,97,66,187,48,93,198,159,25,187,112,101,121,76,129,75,73,104,84,85,36,409,63,176,16,108,147,138,67,103,238,131,125,208,129,137,229,93,122,70,179,61,63,167,49,122,151,0,116,28,62,58,192,99,85,11,346,102,13,122,72,41,73,150,100,44,54,22,82,151,220,254,4,238,133,128,95,115,54,108,20,89,91,98,144,37,138,25,7,26,79
CELF2,51,91,124,104,93,36,31,47,11,137,97,99,40,104,92,49,32,100,22,52,91,47,9,58,62,45,69,44,55,33,55,52,73,39,20,63,168,89,6,49,75,65,41,30,115,74,128,85,55,62,111,35,74,40,97,37,41,87,25,60,75,0,52,18,40,25,97,60,49,9,142,52,10,71,53,32,62,85,70,32,36,15,59,92,104,109,4,102,100,71,44,59,39,57,9,67,29,45,85,22,85,11,8,12,33
MAP2K3,93,508,595,308,698,74,126,152,25,797,639,352,95,296,440,121,72,338,42,170,347,141,18,179,165,159,202,90,167,97,161,175,199,88,37,176,89,949,17,219,260,139,135,68,540,522,186,224,203,206,545,114,299,130,286,101,111,274,38,148,188,0,125,32,80,46,810,176,133,15,805,227,35,182,150,80,127,498,231,61,57,32,245,407,343,596,10,385,245,246,164,322,99,158,33,280,94,100,371,51,265,21,7,27,147
MAP4K3,12,19,22,17,16,5,4,13,8,23,20,13,10,13,16,12,6,13,6,12,16,14,6,18,11,11,11,6,14,9,8,7,11,8,5,16,6,17,27,8,12,9,7,11,19,12,11,14,16,11,19,12,13,2,12,6,2,12,4,11,6,0,10,5,7,14,16,6,12,4,26,9,3,6,6,7,12,17,15,10,10,5,12,14,16,18,0,20,16,12,7,16,8,16,3,13,9,10,14,6,14,4,3,3,4
CDKN1A,77,171,250,156,211,44,84,114,25,256,201,218,70,205,241,77,36,164,32,72,165,78,8,128,115,49,146,57,84,45,117,82,109,51,20,108,49,219,8,351,170,74,74,40,220,189,112,141,140,98,193,41,130,98,191,56,85,183,26,108,146,0,91,18,35,28,233,116,70,8,295,164,31,157,115,36,76,150,138,38,33,21,123,148,217,232,5,179,148,158,208,129,47,68,22,145,68,63,121,27,109,8,8,13,195
PTPN1,87,204,282,197,243,62,86,149,21,309,237,244,105,228,261,80,69,194,42,96,197,112,11,164,119,70,181,73,104,66,161,92,128,61,31,147,75,260,12,170,387,94,89,63,230,214,151,161,165,122,219,64,156,115,218,76,98,204,37,122,155,0,111,21,53,37,286,158,86,16,321,171,36,168,137,46,91,178,171,40,35,23,133,185,307,286,5,214,211,168,139,153,75,81,29,168,94,91,147,34,133,18,10,17,114
TBX2,39,92,200,157,148,72,44,53,25,209,116,144,86,153,202,95,56,167,41,62,155,96,17,106,86,55,95,69,82,60,52,86,63,79,22,138,65,139,9,74,94,314,57,69,143,82,105,156,82,122,170,62,85,49,133,55,62,111,38,102,106,0,87,26,45,34,152,76,71,10,247,69,13,93,53,33,39,103,76,30,40,17,44,104,158,173,6,152,99,89,60,68,52,76,21,53,64,67,98,25,115,19,5,23,59
IER5L,36,102,128,100,127,45,50,47,12,147,117,97,47,102,116,44,33,96,17,46,112,46,6,53,60,52,74,45,64,46,48,57,68,35,22,67,41,135,7,74,89,57,182,34,110,103,76,94,66,63,135,51,84,39,103,51,45,78,30,69,61,0,48,13,35,18,142,73,58,10,151,68,5,60,48,28,44,112,73,34,21,13,63,97,115,116,5,110,94,62,55,76,34,60,18,84,35,47,85,28,89,8,4,21,50
PTPN12,23,50,125,108,74,51,26,31,18,97,61,78,79,81,109,45,35,79,25,34,94,84,12,94,48,48,54,37,74,44,26,45,28,48,17,103,30,68,11,40,63,69,34,162,94,37,68,99,53,64,98,50,52,25,69,29,25,81,25,71,77,0,68,14,32,38,64,37,52,7,137,33,5,56,27,23,35,56,34,19,29,11,28,63,104,99,2,109,52,49,36,43,29,58,18,29,44,47,64,19,67,22,6,12,25
TP73,117,459,623,342,548,80,102,168,41,734,567,368,105,344,430,132,80,372,54,179,353,159,23,211,190,178,202,109,206,99,167,171,205,108,44,238,115,540,19,220,230,143,110,94,1025,371,212,265,214,211,625,120,296,130,291,92,131,326,47,157,201,0,147,42,89,62,557,164,135,19,887,218,41,190,147,94,160,436,273,66,78,35,245,435,322,655,7,418,264,275,171,313,107,197,31,268,103,121,397,63,285,28,14,26,157
MAP7D1,85,380,405,217,461,51,105,141,21,524,486,252,66,227,327,88,49,234,31,125,265,94,13,142,126,113,170,70,124,63,146,126,180,64,24,131,74,522,12,189,214,82,103,37,371,605,148,150,170,130,362,75,231,112,236,80,99,220,36,110,143,0,101,27,61,36,546,148,100,16,522,195,35,147,145,66,110,364,193,53,46,30,213,289,276,422,8,279,202,193,139,256,74,119,25,255,69,83,262,43,184,13,9,19,127
FOSB,68,171,281,198,192,64,69,110,22,254,188,200,84,204,229,89,57,184,39,81,178,102,12,129,110,67,142,78,90,64,114,85,118,76,32,125,128,186,11,112,151,105,76,68,212,148,356,158,129,117,195,62,143,95,207,73,86,170,33,122,149,0,98,26,58,39,201,121,87,14,302,122,28,146,106,42,86,157,146,40,40,25,110,162,224,219,4,225,178,134,100,126,70,98,21,120,69,87,142,33,151,14,7,17,78
MAPK1,59,160,367,276,220,103,65,72,32,358,203,242,132,394,291,110,79,257,51,102,256,130,21,149,129,101,140,94,139,93,68,129,95,116,31,208,85,224,14,141,161,156,94,99,265,150,158,580,141,210,286,102,155,63,240,83,80,186,52,152,200,0,120,32,66,57,238,122,125,14,457,119,8,164,75,49,68,164,115,54,57,24,84,170,266,291,7,272,166,140,116,120,74,127,30,93,74,108,179,37,184,24,12,28,108
C19orf26,76,190,278,200,211,55,87,141,22,248,201,205,81,192,220,81,55,155,36,91,171,93,20,132,93,61,150,65,93,63,129,64,132,50,28,129,55,203,16,140,165,82,66,53,214,170,129,141,336,99,194,49,132,90,176,60,74,178,32,109,148,0,100,20,42,44,217,131,72,13,302,138,34,149,124,43,94,168,162,40,30,17,126,162,210,270,3,232,176,145,120,162,60,71,24,155,69,69,135,27,117,16,11,19,102
IRF1,47,157,280,197,199,75,51,71,32,293,187,191,88,190,245,79,56,201,41,83,205,104,16,123,110,94,103,67,122,70,58,107,77,84,45,137,62,206,11,98,122,122,63,64,211,130,117,210,99,486,241,81,114,51,166,62,67,152,37,110,145,0,97,25,64,37,210,87,98,11,361,98,7,116,54,40,52,144,105,36,53,16,73,140,210,246,5,190,117,114,90,100,69,106,28,78,65,82,137,29,143,10,9,23,92
IKZF3,91,427,610,359,539,106,106,136,40,717,548,364,107,345,447,136,86,383,50,174,368,163,20,186,192,178,190,99,226,110,135,172,194,121,46,229,111,545,19,193,219,170,135,98,625,362,195,286,194,241,1042,129,272,99,284,108,118,266,55,177,221,0,135,38,94,68,572,158,141,24,881,200,22,191,129,81,120,453,234,75,68,35,207,410,339,584,7,409,246,250,158,288,99,206,37,239,96,121,361,64,303,26,14,34,138
HOXB9,20,95,139,105,119,38,29,27,13,157,105,95,58,95,110,59,39,106,23,63,94,75,11,72,54,94,56,53,83,53,29,58,43,56,20,93,35,114,12,41,64,62,51,50,120,75,62,102,49,81,129,207,95,24,86,37,25,71,33,71,72,0,62,18,52,31,112,47,65,6,177,48,1,51,36,27,35,102,52,22,30,13,52,89,98,117,5,129,65,63,41,73,46,78,19,56,39,59,111,36,87,12,3,12,36
HOXC13,71,252,292,184,314,54,96,100,22,364,298,209,79,200,247,78,51,190,33,112,185,95,12,131,116,117,139,72,117,74,117,130,141,67,25,122,74,299,13,130,156,85,84,52,296,231,143,155,132,114,272,95,451,81,195,83,91,163,35,103,143,0,93,28,67,38,315,129,102,13,373,146,23,139,112,57,107,255,144,47,40,29,160,230,211,285,3,225,173,163,113,184,79,126,24,174,63,76,310,38,177,17,7,19,97
CKS1B,55,113,158,114,122,22,52,86,8,150,123,131,36,115,143,49,34,104,21,43,94,51,1,89,66,23,101,41,40,29,92,48,68,25,12,70,40,130,2,98,115,49,39,25,130,112,95,63,90,51,99,24,81,204,106,30,68,126,11,67,74,0,58,13,20,12,140,77,46,7,173,86,34,91,77,25,52,94,99,13,18,12,72,101,141,133,3,109,103,97,80,76,34,39,8,98,50,50,73,11,62,6,5,13,67
CLDN6,88,218,362,288,288,76,96,129,31,385,267,273,120,306,325,110,76,245,53,109,262,119,18,163,133,89,187,119,118,76,149,144,151,98,39,179,97,286,12,191,218,133,103,69,291,236,207,240,176,166,284,86,195,106,529,87,114,229,50,137,226,0,119,31,63,54,308,164,100,12,429,172,35,215,145,54,101,208,174,53,50,28,147,206,300,319,6,273,241,182,160,160,84,119,35,166,91,108,198,36,178,18,9,27,133
FOXA3,26,86,113,80,100,82,42,44,14,126,92,100,42,95,110,50,34,85,16,42,92,46,7,61,50,46,68,38,46,38,54,44,55,33,16,61,37,101,6,56,76,55,51,29,92,80,73,83,60,62,108,37,83,30,87,163,36,66,31,54,66,0,39,11,45,16,103,64,52,8,133,67,5,70,51,13,31,85,58,25,22,11,50,72,92,102,1,93,84,68,46,59,35,63,10,60,30,48,75,19,78,8,3,15,48
SAMD1,49,90,144,110,114,35,45,73,17,158,119,115,45,119,131,49,29,102,28,49,96,49,5,75,73,30,80,45,54,27,75,55,74,43,17,63,41,111,2,85,98,62,45,25,131,99,86,80,74,67,118,25,91,68,114,36,205,105,21,57,84,0,55,14,31,17,127,83,48,6,170,88,24,88,70,36,55,93,96,23,26,17,70,95,123,139,2,114,107,89,69,79,48,47,16,84,49,53,87,20,72,7,5,7,61
COL1A1,85,226,403,253,286,72,85,143,18,391,273,278,100,249,324,102,70,252,39,107,340,130,11,181,134,81,181,73,134,70,149,111,125,83,36,167,87,274,12,183,204,111,78,81,326,220,170,186,178,152,266,71,163,126,229,66,105,593,37,137,175,0,120,31,50,42,299,145,91,12,478,170,38,175,132,57,100,207,180,47,41,28,140,221,275,358,6,278,192,219,150,157,85,108,28,164,91,99,186,42,155,24,8,22,121
FOXF1,17,31,68,53,36,39,27,20,9,61,47,49,29,52,52,29,28,49,15,21,59,37,8,32,26,30,45,28,39,22,21,34,25,24,8,49,25,38,4,26,37,38,30,25,47,36,33,52,32,37,55,33,35,11,50,31,21,37,90,33,45,0,41,15,28,16,49,28,41,5,80,27,2,30,29,15,22,36,24,18,21,13,20,38,49,53,1,57,36,27,22,25,19,36,10,33,23,38,39,15,34,10,2,8,18
ZBTB1,54,116,232,184,161,63,61,72,23,228,139,168,83,171,189,82,62,179,34,60,159,98,16,113,92,61,108,73,84,69,75,79,79,61,31,122,60,148,11,108,122,102,69,71,157,110,122,152,109,110,177,71,103,67,137,54,57,137,33,315,122,0,90,22,38,37,165,97,69,13,260,98,21,113,77,32,57,120,109,39,35,17,70,118,189,176,6,168,127,103,94,89,52,81,21,78,61,90,110,28,126,16,10,22,76
PRTG,56,148,288,204,194,71,67,91,29,280,172,209,99,227,256,91,67,216,34,85,203,112,17,145,113,73,149,76,114,73,93,120,108,76,22,151,75,188,6,146,155,106,61,77,201,143,149,200,148,145,221,72,143,74,226,66,84,175,45,122,419,0,120,31,43,51,197,115,89,12,343,114,19,244,101,45,73,148,118,40,50,22,86,151,223,230,4,209,159,144,130,119,72,92,28,101,74,81,149,26,150,20,9,23,111
PLK4,0,0,0,0,0,0,0,0,0,0,0,0,0,0,0,0,0,0,0,0,0,0,0,0,0,0,0,0,0,0,0,0,0,0,0,0,0,0,0,0,0,0,0,0,0,0,0,0,0,0,0,0,0,0,0,0,0,0,0,0,0,0,0,0,0,0,0,0,0,0,0,0,0,0,0,0,0,0,0,0,0,0,0,0,0,0,0,0,0,0,0,0,0,0,0,0,0,0,0,0,0,0,0,0,0
BPGM,51,109,182,145,134,51,46,70,25,171,130,134,85,143,162,81,46,122,30,64,125,103,15,122,76,66,102,66,98,60,68,62,77,59,20,116,52,125,10,91,111,87,48,68,147,101,98,120,100,97,135,62,93,58,119,39,55,120,41,90,120,0,234,24,43,39,132,86,72,7,196,91,15,112,67,35,51,113,89,36,40,21,72,111,149,157,2,148,105,99,78,91,36,74,20,85,61,60,105,26,97,18,9,15,69
ARRDC3,20,35,43,39,37,18,9,14,12,42,34,26,22,33,39,25,10,35,8,20,36,36,9,33,21,17,25,17,23,14,18,25,21,16,10,28,18,32,5,18,21,26,13,14,42,27,26,32,20,25,38,18,28,13,31,11,14,31,15,22,31,0,24,60,15,18,35,18,17,3,54,14,6,26,16,22,23,32,21,17,21,7,21,34,33,41,2,36,26,22,20,23,18,26,7,20,20,18,33,8,30,7,7,8,14
C3orf72,23,72,95,81,86,41,26,22,11,107,78,68,41,66,81,31,26,74,17,48,78,45,5,54,57,61,47,35,58,41,32,31,44,34,15,62,40,80,7,35,53,45,35,32,89,61,58,66,42,64,94,52,67,20,63,45,31,50,28,38,43,0,43,15,139,22,85,40,95,5,110,42,4,38,33,26,33,75,43,29,26,12,42,72,69,91,2,78,64,56,28,54,30,68,11,48,32,32,76,18,71,9,0,9,26
LYL1,24,52,71,56,51,22,15,27,20,68,56,43,43,59,63,35,20,44,14,51,51,51,14,55,34,33,32,25,43,23,26,24,38,34,14,58,25,46,14,28,37,34,18,38,62,36,39,57,44,37,68,31,38,12,54,16,17,42,16,37,51,0,39,18,22,92,53,29,31,8,86,22,9,39,21,23,43,54,35,16,36,10,37,55,54,62,3,65,48,36,30,49,24,37,11,34,27,29,54,11,45,16,9,9,19
MAP2K6,102,511,644,326,711,87,133,170,26,875,698,370,100,326,482,135,79,381,52,172,388,152,20,188,174,163,204,90,185,97,171,175,201,104,36,192,97,810,16,233,286,152,142,64,557,546,201,238,217,210,572,112,315,140,308,103,127,299,49,165,197,0,132,35,85,53,1051,187,142,19,903,230,39,190,166,89,141,493,265,69,62,40,254,424,382,672,9,409,260,259,177,319,108,162,36,297,96,112,372,60,272,24,10,30,157
SGK1,66,153,187,162,176,48,74,105,17,204,166,161,69,172,176,74,47,124,28,78,124,72,13,117,96,54,130,64,65,64,117,59,111,49,23,99,60,176,6,116,158,76,73,37,164,148,121,122,131,87,158,47,129,77,164,64,83,145,28,97,115,0,86,18,40,29,187,252,72,8,211,121,26,128,105,31,68,148,125,32,28,18,112,145,178,181,4,163,167,123,109,120,81,65,28,133,67,62,119,25,113,14,5,22,85
FOXL2,35,111,162,121,131,53,47,46,22,183,121,121,57,115,138,50,45,123,26,61,112,61,9,84,76,71,91,53,78,55,53,57,65,46,18,85,49,133,12,70,86,71,58,52,135,100,87,125,72,98,141,65,102,46,100,52,48,91,41,69,89,0,72,17,95,31,142,72,237,11,194,69,9,75,55,30,45,109,75,30,34,19,66,104,131,149,2,140,90,78,58,81,50,81,20,74,40,55,106,22,107,9,6,14,48
KIAA1804,12,18,20,16,17,9,6,11,4,22,21,22,6,13,25,9,7,18,3,11,19,9,3,11,10,8,16,8,10,4,12,6,14,4,4,11,9,15,4,8,16,10,10,7,19,16,14,14,13,11,24,6,13,7,12,8,6,12,5,13,12,0,7,3,5,8,19,8,11,31,26,12,3,15,10,6,15,15,15,4,7,3,11,16,22,18,1,15,14,13,9,11,8,10,1,14,6,13,9,6,12,3,4,1,7
CEBPA,133,565,1235,561,790,148,139,200,55,1303,778,618,164,516,778,201,124,670,72,224,630,246,30,289,275,218,276,143,314,150,192,269,224,187,58,346,142,805,26,295,321,247,151,137,887,522,302,457,302,361,881,177,373,173,429,133,170,478,80,260,343,0,196,54,110,86,903,211,194,26,2402,294,45,294,182,103,169,543,319,97,94,47,253,538,544,1081,9,685,315,402,224,371,137,244,47,301,130,187,478,78,380,36,19,35,201
HNF4A,64,193,250,165,225,46,78,116,21,280,229,216,52,193,224,66,40,163,33,79,156,70,7,115,97,59,148,62,87,45,124,76,118,55,19,102,52,227,9,164,171,69,68,33,218,195,122,119,138,98,200,48,146,86,172,67,88,170,27,98,114,0,91,14,42,22,230,121,69,12,294,367,35,132,113,39,76,171,143,43,24,24,128,159,206,246,1,183,155,151,134,139,56,74,18,156,63,71,147,31,114,7,4,13,112
KMT2A,26,37,43,30,38,1,19,36,4,41,39,37,5,38,40,17,11,25,9,17,20,15,1,27,17,4,34,9,12,3,35,9,29,5,4,13,10,35,3,31,36,13,5,5,41,35,28,8,34,7,22,1,23,34,35,5,24,38,2,21,19,0,15,6,4,9,39,26,9,3,45,35,47,33,33,13,27,31,36,5,4,6,33,37,37,41,0,32,35,37,32,34,6,8,1,35,21,24,25,4,11,1,4,5,21
IGDCC3,75,148,254,182,193,63,69,113,30,244,167,206,88,219,238,96,58,181,31,85,164,103,13,140,104,54,159,73,88,63,123,94,110,61,23,122,71,182,6,157,168,93,60,56,190,147,146,164,149,116,191,51,139,91,215,70,88,175,30,113,244,0,112,26,38,39,190,128,75,15,294,132,33,345,120,35,78,147,143,31,43,23,108,160,218,214,2,194,172,154,140,122,59,70,21,119,80,76,130,20,122,9,6,18,116
ISL2,68,138,166,118,151,31,74,120,11,174,156,141,42,151,149,58,45,100,20,63,94,53,6,95,75,38,128,58,55,31,118,50,117,31,16,72,53,150,6,115,137,53,48,27,147,145,106,75,124,54,129,36,112,77,145,51,70,132,29,77,101,0,67,16,33,21,166,105,55,10,182,113,33,120,199,37,82,132,124,34,24,21,120,142,154,157,3,143,146,127,100,121,48,48,15,129,49,58,107,24,83,12,7,8,83
TMSB4X,39,81,89,62,85,20,27,34,11,92,90,44,30,60,82,34,15,74,14,45,62,35,9,38,36,37,34,19,52,18,36,33,57,26,7,41,32,80,7,36,46,33,28,23,94,66,42,49,43,40,81,27,57,25,54,13,36,57,15,32,45,0,35,22,26,23,89,31,30,6,103,39,13,35,37,115,52,79,53,26,31,14,56,83,62,84,1,81,53,48,35,63,30,43,12,64,18,25,75,20,52,11,4,6,23
KIF2C,68,147,144,101,133,28,50,83,17,157,152,109,40,106,119,50,30,94,23,74,95,61,15,86,63,57,85,39,61,29,76,48,111,32,21,73,62,127,12,76,91,39,44,35,160,110,86,68,94,52,120,35,107,52,101,31,55,100,22,57,73,0,51,23,33,43,141,68,45,15,169,76,27,78,82,52,180,130,101,33,52,21,110,142,114,148,4,132,108,97,70,116,41,60,10,107,44,51,124,19,76,17,13,12,53
CSRNP1,92,431,406,232,482,59,100,125,22,517,501,234,74,220,306,109,52,242,36,167,232,125,19,160,138,161,154,76,156,79,130,109,197,81,27,150,85,498,17,150,178,103,112,56,436,364,157,164,168,144,453,102,255,94,208,85,93,207,36,120,148,0,113,32,75,54,493,148,109,15,543,171,31,147,132,79,130,606,207,57,62,30,237,380,237,422,7,321,200,205,129,311,84,153,30,251,76,84,328,44,228,21,10,23,106
ARID1A,87,228,269,175,243,40,79,141,19,303,253,219,57,183,224,76,46,177,33,94,168,69,9,115,106,76,143,62,100,55,142,79,143,52,26,100,70,231,15,138,171,76,73,34,273,193,146,115,162,105,234,52,144,99,174,58,96,180,24,109,118,0,89,21,43,35,265,125,75,15,319,143,36,143,124,53,101,207,379,33,42,20,155,201,205,265,6,201,175,167,108,172,70,93,25,174,64,75,156,37,144,13,8,17,93
CNNM4,24,52,75,57,65,22,18,25,9,78,70,50,28,56,64,36,15,57,11,27,63,35,5,38,34,34,36,27,43,22,24,42,43,25,14,44,32,61,10,38,40,30,34,19,66,53,40,54,40,36,75,22,47,13,53,25,23,47,18,39,40,0,36,17,29,16,69,32,30,4,97,43,5,31,34,26,33,57,33,111,19,12,41,57,62,69,2,65,52,39,33,42,19,38,5,40,19,27,54,16,49,12,3,6,26
UBASH3A,32,61,84,58,60,28,15,27,22,76,71,47,41,59,63,41,16,64,17,51,60,51,14,58,40,37,38,26,48,21,23,42,49,30,11,54,36,57,10,33,35,40,21,29,78,46,40,57,30,53,68,30,40,18,50,22,26,41,21,35,50,0,40,21,26,36,62,28,34,7,94,24,4,43,24,31,52,62,42,19,104,13,42,67,51,67,2,70,44,47,32,53,23,41,8,37,32,26,58,10,52,16,9,8,30
NCL,14,28,43,25,36,12,12,16,8,44,33,24,14,32,32,16,8,33,8,18,30,20,4,24,19,16,24,12,23,9,22,16,18,13,2,22,15,32,5,21,23,17,13,11,35,30,25,24,17,16,35,13,29,12,28,11,17,28,13,17,22,0,21,7,12,10,40,18,19,3,47,24,6,23,21,14,21,30,20,12,13,50,21,31,30,39,1,36,22,26,18,22,12,17,4,25,12,12,31,8,26,2,1,4,14
BCL2L11,78,242,224,133,247,26,77,111,15,248,258,142,42,145,174,68,29,115,24,111,114,66,14,105,87,87,114,39,87,39,113,63,156,42,15,82,59,245,12,123,133,44,63,28,245,213,110,84,126,73,207,52,160,72,147,50,70,140,20,70,86,0,72,21,42,37,254,112,66,11,253,128,33,108,120,56,110,237,155,41,42,21,272,219,158,227,3,194,149,140,106,213,58,86,14,186,51,53,183,34,114,18,8,11,83
ZC3HAV1,95,381,435,230,419,58,92,134,26,492,429,240,74,239,297,113,59,276,33,168,232,113,16,153,147,149,156,77,141,76,144,120,182,74,29,151,92,407,14,148,185,104,97,63,435,289,162,170,162,140,410,89,230,101,206,72,95,221,38,118,151,0,111,34,72,55,424,145,104,16,538,159,37,160,142,83,142,380,201,57,67,31,219,611,244,414,4,318,209,208,125,287,95,136,19,233,73,93,300,51,209,19,13,20,103
OSR2,99,264,464,308,335,94,111,163,31,464,320,324,141,328,415,120,81,309,58,127,319,160,16,222,167,106,217,111,154,96,179,149,163,99,41,220,104,343,16,217,307,158,115,104,322,276,224,266,210,210,339,98,211,141,300,92,123,275,49,189,223,0,149,33,69,54,382,178,131,22,544,206,37,218,154,62,114,237,205,62,51,30,158,244,680,407,6,324,247,222,173,192,94,130,37,194,116,134,220,44,207,24,12,27,147
SPI1,110,454,823,375,592,97,124,180,41,886,584,437,120,365,505,134,91,422,59,184,417,188,24,226,192,164,224,109,225,109,179,178,187,126,45,254,109,596,18,232,286,173,116,99,655,422,219,291,270,246,584,117,285,133,319,102,139,358,53,176,230,0,157,41,91,62,672,181,149,18,1081,246,41,214,157,84,148,422,265,69,67,39,227,414,407,1222,6,531,264,279,189,314,104,170,35,271,107,126,374,62,264,28,16,24,169
STIL,2,5,6,9,9,2,4,2,1,8,8,6,3,6,7,4,4,7,1,2,8,4,1,3,5,1,2,3,1,2,3,5,3,3,3,4,4,10,0,5,5,6,5,2,7,8,4,7,3,5,7,5,3,3,6,1,2,6,1,6,4,0,2,2,2,3,9,4,2,1,9,1,0,2,3,1,4,7,6,2,2,1,3,4,6,6,12,6,3,5,4,5,3,0,2,3,2,5,1,0,2,1,1,0,6
CEBPB,90,322,647,314,416,95,102,159,30,542,403,318,136,292,370,142,82,312,50,154,301,174,24,221,140,149,199,102,203,94,142,139,170,127,42,238,102,385,20,179,214,152,110,109,418,279,225,272,232,190,409,129,225,109,273,93,114,278,57,168,209,0,148,36,78,65,409,163,140,15,685,183,32,194,143,81,132,321,201,65,70,36,194,318,324,531,6,745,210,223,151,260,90,154,38,214,99,105,293,51,221,27,16,23,128
ATL1,90,210,276,226,247,61,82,141,21,296,237,232,87,241,252,94,63,194,42,107,188,101,18,142,132,79,168,91,91,71,160,96,148,61,39,133,100,245,16,148,211,99,94,52,264,202,178,166,176,117,246,65,173,103,241,84,107,192,36,127,159,0,105,26,64,48,260,167,90,14,315,155,35,172,146,53,108,200,175,52,44,22,149,209,247,264,3,210,374,171,133,157,86,111,29,173,79,86,170,37,157,18,12,22,105
NIT1,83,220,312,197,253,50,76,126,25,330,249,231,61,220,268,87,47,223,29,95,192,99,8,141,146,81,145,69,112,59,131,96,131,55,25,128,71,246,12,158,168,89,62,49,275,193,134,140,145,114,250,63,163,97,182,68,89,219,27,103,144,0,99,22,56,36,259,123,78,13,402,151,37,154,127,48,97,205,167,39,47,26,140,208,222,279,5,223,171,488,136,170,68,101,21,155,79,86,169,32,143,14,9,16,123
CDKN1B,60,136,206,129,170,38,72,97,23,197,163,181,58,173,189,67,35,134,31,68,118,75,11,119,89,39,126,54,73,44,99,68,96,49,20,95,44,164,7,208,139,60,55,36,171,139,100,116,120,90,158,41,113,80,160,46,69,150,22,94,130,0,78,20,28,30,177,109,58,9,224,134,32,140,100,35,70,129,108,33,32,18,106,125,173,189,4,151,133,136,273,109,46,58,19,113,63,50,108,21,97,8,10,14,161
TGFBR2,82,313,309,168,313,35,82,122,19,346,348,176,56,173,231,82,39,176,25,151,153,97,22,138,115,123,124,51,119,58,119,76,164,52,19,115,59,322,16,129,153,68,76,43,313,256,126,120,162,100,288,73,184,76,160,59,79,157,25,89,119,0,91,23,54,49,319,120,81,11,371,139,34,122,121,63,116,311,172,42,53,22,213,287,192,314,5,260,157,170,109,396,66,112,16,200,58,70,230,38,155,20,9,13,89
JUN,33,91,116,83,97,32,33,50,13,133,102,86,37,92,101,43,23,87,17,50,82,37,7,58,61,45,60,31,42,40,54,41,58,32,20,54,39,99,8,47,75,52,34,29,107,74,70,74,60,69,99,46,79,34,84,35,48,85,19,52,72,0,36,18,30,24,108,81,50,8,137,56,6,59,48,30,41,84,70,19,23,12,58,95,94,104,3,90,86,68,46,66,175,48,13,60,24,30,78,22,69,8,6,14,35
ZBTB10,40,146,191,131,170,48,36,44,16,223,164,137,61,121,156,62,41,137,26,75,136,92,11,86,95,121,78,50,119,60,52,81,72,59,20,108,57,158,16,68,81,76,60,58,197,119,98,127,71,106,206,78,126,39,119,63,47,108,36,81,92,0,74,26,68,37,162,65,81,10,244,74,8,70,48,43,60,153,93,38,41,17,86,136,130,170,0,154,111,101,58,112,48,292,16,89,43,61,165,40,117,16,4,22,48
PTPN13,12,22,43,31,35,18,11,17,5,41,30,37,24,29,39,13,11,29,9,20,30,19,3,24,21,15,21,17,19,13,20,15,15,25,7,20,9,33,3,22,29,21,18,18,31,25,21,30,24,28,37,19,24,8,35,10,16,28,10,21,28,0,20,7,11,11,36,28,20,1,47,18,1,21,15,12,10,30,25,5,8,4,14,19,37,35,2,38,29,21,19,16,13,16,59,20,17,14,18,6,21,6,1,8,15
SLC38A2,79,273,258,154,275,30,91,127,15,296,299,183,50,173,212,70,36,143,28,111,150,70,9,109,101,93,137,55,92,51,140,73,158,42,13,89,67,280,13,145,168,53,84,29,268,255,120,93,155,78,239,56,174,98,166,60,84,164,33,78,101,0,85,20,48,34,297,133,74,14,301,156,35,119,129,64,107,251,174,40,37,25,186,233,194,271,3,214,173,155,113,200,60,89,20,327,54,59,188,39,129,11,8,16,99
PTPN9,38,77,119,95,96,36,37,56,23,108,81,100,51,93,108,51,35,75,24,44,80,74,10,110,61,36,81,44,54,39,52,42,50,38,18,91,29,94,9,68,94,64,35,44,103,69,69,74,69,65,96,39,63,50,91,30,49,91,23,61,74,0,61,20,32,27,96,67,40,6,130,63,21,80,49,18,44,76,64,19,32,12,51,73,116,107,2,99,79,79,63,58,24,43,17,54,152,46,65,14,57,15,3,8,50
SNAI1,49,87,157,131,109,48,42,52,12,164,105,130,53,117,135,53,45,127,30,44,127,70,6,78,74,49,89,57,64,40,56,61,56,46,18,98,45,100,10,63,91,67,47,47,121,83,87,108,69,82,121,59,76,50,108,48,53,99,38,90,81,0,60,18,32,29,112,62,55,13,187,71,24,76,58,25,51,84,75,27,26,12,53,93,134,126,5,105,86,86,50,70,30,61,14,59,46,239,86,20,79,11,5,14,40
HOXA13,72,326,387,201,396,56,92,101,27,462,381,221,74,226,274,87,54,227,35,148,223,111,14,142,127,152,130,71,155,83,108,141,152,84,23,144,85,371,14,121,147,98,85,64,397,262,142,179,135,137,361,111,310,73,198,75,87,186,39,110,149,0,105,33,76,54,372,119,106,9,478,147,25,130,107,75,124,328,156,54,58,31,183,300,220,374,1,293,170,169,108,230,78,165,18,188,65,86,565,45,199,18,11,23,88
CITED1,10,48,64,49,54,19,17,20,6,67,60,44,19,42,54,25,13,50,8,25,46,23,1,30,21,38,28,21,43,23,18,26,27,22,9,37,22,51,6,27,34,25,28,19,63,43,33,37,27,29,64,36,38,11,36,19,20,42,15,28,26,0,26,8,18,11,60,25,22,6,78,31,4,20,24,20,19,44,37,16,10,8,34,51,44,62,0,51,37,32,21,38,22,40,6,39,14,20,45,91,38,9,4,10,17
PRDM1,67,202,300,214,270,68,68,77,31,351,244,195,83,196,232,99,52,219,38,122,218,101,15,109,129,111,107,88,116,88,82,115,125,76,36,138,85,265,14,109,133,115,89,67,285,184,151,184,117,143,303,87,177,62,178,78,72,155,34,126,150,0,97,30,71,45,272,113,107,12,380,114,11,122,83,52,76,228,144,49,52,26,114,209,207,264,2,221,157,143,97,155,69,117,21,129,57,79,199,38,454,16,10,26,84
HK2,7,20,28,25,21,12,11,12,6,27,23,14,18,22,29,13,10,20,10,14,27,24,7,24,14,17,11,10,20,9,9,12,14,14,3,25,11,21,4,8,18,19,8,22,28,13,14,24,16,10,26,12,17,6,18,8,7,24,10,16,20,0,18,7,9,16,24,14,9,3,36,7,1,9,12,11,17,21,13,12,16,2,18,19,24,28,1,27,18,14,8,20,8,16,6,11,15,11,18,9,16,41,2,5,7
KIF18B,8,14,16,13,12,4,0,9,5,17,15,11,7,11,15,6,5,15,5,7,12,6,3,11,9,4,8,5,8,5,7,5,10,5,6,7,8,7,3,8,10,5,4,6,14,9,7,12,11,9,14,3,7,5,9,3,5,8,2,10,9,0,9,7,0,9,10,5,6,4,19,4,4,6,7,4,13,10,8,3,9,1,8,13,12,16,1,16,12,9,10,9,6,4,1,8,3,5,11,4,10,2,21,3,7
EGR1,12,23,31,22,30,12,9,8,3,28,25,27,18,26,29,20,10,28,12,12,31,15,5,19,19,16,16,13,21,17,7,19,14,11,8,26,12,27,3,13,17,23,21,12,26,19,17,28,19,23,34,12,19,13,27,15,7,22,8,22,23,0,15,8,9,9,30,22,14,1,35,13,5,18,8,6,12,23,17,6,8,4,11,20,27,24,0,23,22,16,14,13,14,22,8,16,8,14,23,10,26,5,3,44,11
CDKN1C,48,121,178,108,151,32,65,82,21,181,139,153,44,155,167,57,27,117,22,48,101,62,6,93,79,37,101,40,53,37,76,63,80,45,13,79,33,147,4,195,114,59,50,25,157,127,78,108,102,92,138,36,97,67,133,48,61,121,18,76,111,0,69,14,26,19,157,85,48,7,201,112,21,116,83,23,53,106,93,26,30,14,83,103,147,169,6,128,105,123,161,89,35,48,15,99,50,40,88,17,84,7,7,11,243
